{"r2":0.4492079913776871,"_timestamp":1.771334176205826e+09,"_step":0,"mse":0.7217627932420179,"_runtime":5,"_wandb":{"runtime":5}}