{"r2":0.7737402686595128,"_timestamp":1.7713343070715094e+09,"_step":0,"_wandb":{"runtime":13},"_runtime":13,"mse":0.29649278336294826}