{"_step":0,"_wandb":{"runtime":6},"_runtime":6,"mse":0.7217627932420179,"r2":0.4492079913776871,"_timestamp":1.7713341544512553e+09}